{
    "normal, dim 10": 143.3857672842549,
    "normal, dim 30": 2.030803211792994e+20,
    "PSR, dim 10": 115.50041730649804,
    "PSR, dim 30": 11089329305.973057,
    "MSR, dim 10": 128.51822063200038,
    "MSR, dim 30": 7.94927850218193e+25
}