{
    "normal, dim 10": 134.5846647355178,
    "normal, dim 30": 35974.33087927151,
    "PSR, dim 10": 106.34990995880008,
    "PSR, dim 30": 2854.5350809536185,
    "MSR, dim 10": 113.47467768995185,
    "MSR, dim 30": 2471.339218755549
}